[
{
    "pk": 1, 
    "model": "reviews.comic", 
    "fields": {
        "url": "http://oneoverzero.comicgenesis.com/d/20000827.html", 
        "name": "One Over Zero"
    }
},
{
    "pk": 2, 
    "model": "reviews.comic", 
    "fields": {
        "url": "http://www.giantitp.com/comics/oots0001.html", 
        "name": "Order of the Stick"
    }
},
{
    "pk": 4, 
    "model": "reviews.comic", 
    "fields": {
        "url": "http://www.girlgeniusonline.com/comic.php?date=20021104", 
        "name": "Girl Genius"
    }
},
{
    "pk": 5, 
    "model": "reviews.comic", 
    "fields": {
        "url": "http://www.dilbert.com/strips", 
        "name": "Dilbert"
    }
},
{
    "pk": 6, 
    "model": "reviews.comic", 
    "fields": {
        "url": "http://www.giantitp.com/comics/erf0001.html", 
        "name": "Erfworld"
    }
},
{
    "pk": 7, 
    "model": "reviews.comic", 
    "fields": {
        "url": "http://www.leasticoulddo.com/comic/20030210/", 
        "name": "Least I Could Do (old-school)"
    }
},
{
    "pk": 8, 
    "model": "reviews.comic", 
    "fields": {
        "url": "http://www.leasticoulddo.com/comic/20070115/", 
        "name": "Least I Could Do (modern era)"
    }
},
{
    "pk": 9, 
    "model": "reviews.comic", 
    "fields": {
        "url": "http://www.schlockmercenary.com/2000-06-12", 
        "name": "Schlock Mercenary"
    }
},
{
    "pk": 10, 
    "model": "reviews.comic", 
    "fields": {
        "url": "http://battlepug.com/2011/02/01/the-battlepug-is-nigh/", 
        "name": "Battlepug"
    }
},
{
    "pk": 11, 
    "model": "reviews.comic", 
    "fields": {
        "url": "http://skin-horse.com/2007/12302007/", 
        "name": "Skin Horse"
    }
},
{
    "pk": 12, 
    "model": "reviews.comic", 
    "fields": {
        "url": "http://www.bluemilkspecial.com/?p=4", 
        "name": "Blue Milk Special"
    }
},
{
    "pk": 13, 
    "model": "reviews.comic", 
    "fields": {
        "url": "http://buttersafe.com/2007/04/03/breakfast-sad-turtle/", 
        "name": "Buttersafe"
    }
},
{
    "pk": 14, 
    "model": "reviews.comic", 
    "fields": {
        "url": "http://bythebook.smackjeeves.com/comics/1153963/start/", 
        "name": "By The Book"
    }
},
{
    "pk": 15, 
    "model": "reviews.comic", 
    "fields": {
        "url": "http://chaoslife.findchaos.com/redditcomic", 
        "name": "Chaos Life"
    }
},
{
    "pk": 16, 
    "model": "reviews.comic", 
    "fields": {
        "url": "http://www.davidcsimon.com/crimsondark/index.php?view=comic&strip_id=1", 
        "name": "Crimson Dark"
    }
},
{
    "pk": 17, 
    "model": "reviews.comic", 
    "fields": {
        "url": "http://www.cad-comic.com/cad/20021023", 
        "name": "Ctrl+Alt+Del"
    }
},
{
    "pk": 18, 
    "model": "reviews.comic", 
    "fields": {
        "url": "http://darthsanddroids.net/episodes/0001.html", 
        "name": "Darths & Droids"
    }
},
{
    "pk": 19, 
    "model": "reviews.comic", 
    "fields": {
        "url": "http://diggercomic.com/?p=3", 
        "name": "Digger"
    }
},
{
    "pk": 20, 
    "model": "reviews.comic", 
    "fields": {
        "url": "http://derelictcomic.com/?strip_id=0", 
        "name": "Derelict"
    }
},
{
    "pk": 21, 
    "model": "reviews.comic", 
    "fields": {
        "url": "http://antiheroescomic.com/comic/first", 
        "name": "anti-HEROES"
    }
},
{
    "pk": 22, 
    "model": "reviews.comic", 
    "fields": {
        "url": "http://dungeond.com/2005/08/23/08232005/", 
        "name": "Dungeons & Denizens"
    }
},
{
    "pk": 23, 
    "model": "reviews.comic", 
    "fields": {
        "url": "http://evil-inc.com/comic/monday-3/", 
        "name": "Evil inc."
    }
},
{
    "pk": 24, 
    "model": "reviews.comic", 
    "fields": {
        "url": "http://www.girlswithslingshots.com/comic/gws1/", 
        "name": "Girls with Slingshots"
    }
},
{
    "pk": 25, 
    "model": "reviews.comic", 
    "fields": {
        "url": "http://www.the-whiteboard.com/autowb001.html", 
        "name": "The Whiteboard"
    }
},
{
    "pk": 26, 
    "model": "reviews.comic", 
    "fields": {
        "url": "http://www.grrlpowercomic.com/archives/48", 
        "name": "Grrl power"
    }
},
{
    "pk": 27, 
    "model": "reviews.comic", 
    "fields": {
        "url": "http://larptrek.com/larptrek/1/", 
        "name": "LARP Trek"
    }
},
{
    "pk": 28, 
    "model": "reviews.comic", 
    "fields": {
        "url": "http://www.lastkisscomics.com/2003/08/23/look-out-tomorrow-is-coming/", 
        "name": "Last Kiss"
    }
},
{
    "pk": 29, 
    "model": "reviews.comic", 
    "fields": {
        "url": "http://www.little-gamers.com/2000/12/01/99/", 
        "name": "Little Gamers"
    }
},
{
    "pk": 30, 
    "model": "reviews.comic", 
    "fields": {
        "url": "http://www.loadingartist.com/2011/01/04/born/", 
        "name": "Loading Artist"
    }
},
{
    "pk": 31, 
    "model": "reviews.comic", 
    "fields": {
        "url": "http://loldwell.com/?p=5", 
        "name": "Loldwell"
    }
},
{
    "pk": 32, 
    "model": "reviews.comic", 
    "fields": {
        "url": "http://www.dominic-deegan.com/view.php?date=2002-05-21", 
        "name": "Dominic Deegan"
    }
},
{
    "pk": 33, 
    "model": "reviews.comic", 
    "fields": {
        "url": "http://www.sluggy.com/comics/archives/daily/970825", 
        "name": "Sluggy Freelance"
    }
},
{
    "pk": 34, 
    "model": "reviews.comic", 
    "fields": {
        "url": "http://www.questionablecontent.net/view.php?comic=1", 
        "name": "Questionable Content"
    }
},
{
    "pk": 35, 
    "model": "reviews.comic", 
    "fields": {
        "url": "http://pvponline.com/comic/1998/05/04/mon-may-04", 
        "name": "PVP Online"
    }
},
{
    "pk": 36, 
    "model": "reviews.comic", 
    "fields": {
        "url": "http://navcomic.com/not-a-villain/v1-001/", 
        "name": "Not A Villain"
    }
},
{
    "pk": 37, 
    "model": "reviews.comic", 
    "fields": {
        "url": "http://www.sheldoncomics.com/archive/011130.html", 
        "name": "Sheldon"
    }
},
{
    "pk": 38, 
    "model": "reviews.comic", 
    "fields": {
        "url": "http://www.somethingofthatilk.com/index.php?id=1", 
        "name": "Something Of That Ilk"
    }
},
{
    "pk": 39, 
    "model": "reviews.comic", 
    "fields": {
        "url": "http://www.starpowercomic.com/new-chapter/", 
        "name": "Star Power"
    }
},
{
    "pk": 40, 
    "model": "reviews.comic", 
    "fields": {
        "url": "http://www.tabletitans.com/comic/mines-of-madness-page-1", 
        "name": "Table Titans"
    }
},
{
    "pk": 41, 
    "model": "reviews.comic", 
    "fields": {
        "url": "http://trenchescomic.com/comic/post/9811", 
        "name": "The Trenches"
    }
},
{
    "pk": 42, 
    "model": "reviews.comic", 
    "fields": {
        "url": "http://www.threewordphrase.com/goneatya.htm", 
        "name": "Three Word Phrase"
    }
},
{
    "pk": 43, 
    "model": "reviews.comic", 
    "fields": {
        "url": "http://ars.userfriendly.org/cartoons/?id=19971117&mode=classic", 
        "name": "UserFriendly"
    }
},
{
    "pk": 44, 
    "model": "reviews.comic", 
    "fields": {
        "url": "http://wondermark.com/001/", 
        "name": "Wondermark"
    }
},
{
    "pk": 45, 
    "model": "reviews.comic", 
    "fields": {
        "url": "http://xkcd.com/1/", 
        "name": "xkcd"
    }
},
{
    "pk": 46, 
    "model": "reviews.comic", 
    "fields": {
        "url": "http://yafgc.net/?id=1", 
        "name": "Yet Another Fantasy Gamer Comic"
    }
},
{
    "pk": 47, 
    "model": "reviews.comic", 
    "fields": {
        "url": "http://pbfcomics.com/1/", 
        "name": "Perry Bible Fellowship"
    }
},
{
    "pk": 48, 
    "model": "reviews.comic", 
    "fields": {
        "url": "http://www.webcomicsnation.com/shaenongarrity/narbonic/series.php?view=archive&chapter=9763", 
        "name": "Narbonic"
    }
},
{
    "pk": 49, 
    "model": "reviews.comic", 
    "fields": {
        "url": "http://www.airshipentertainment.com/buckcomic.php?date=20070111", 
        "name": "Buck Godot - Zap Gun For Hire"
    }
},
{
    "pk": 51, 
    "model": "reviews.comic", 
    "fields": {
        "url": "http://poorlydrawnlines.com/", 
        "name": "Poorly Drawn Lines"
    }
},
{
    "pk": 52, 
    "model": "reviews.comic", 
    "fields": {
        "url": "http://theoatmeal.com/comics", 
        "name": "The Oatmeal"
    }
},
{
    "pk": 53, 
    "model": "reviews.comic", 
    "fields": {
        "url": "http://drmcninja.com/archives/comic/0p1/", 
        "name": "The Adventures of Dr. McNinja"
    }
},
{
    "pk": 54, 
    "model": "reviews.comic", 
    "fields": {
        "url": "http://amultiverse.com/2010/06/14/parenthood/", 
        "name": "Scenes From A Multiverse"
    }
},
{
    "pk": 55, 
    "model": "reviews.comic", 
    "fields": {
        "url": "http://axecop.com/comic/episode-0/", 
        "name": "AxeCop"
    }
},
{
    "pk": 56, 
    "model": "reviews.comic", 
    "fields": {
        "url": "http://somethingpositive.net/sp12192001.shtml", 
        "name": "Something Positive"
    }
},
{
    "pk": 57, 
    "model": "reviews.comic", 
    "fields": {
        "url": "http://www.penny-arcade.com/comic/1998/11/18", 
        "name": "Penny"
    }
},
{
    "pk": 58, 
    "model": "reviews.comic", 
    "fields": {
        "url": "http://www.penny-arcade.com/comic/1998/11/18", 
        "name": "Penny Arcade"
    }
},
{
    "pk": 59, 
    "model": "reviews.comic", 
    "fields": {
        "url": "http://www.harkavagrant.com/index.php?id=1", 
        "name": "Hark! A Vagrant"
    }
},
{
    "pk": 60, 
    "model": "reviews.comic", 
    "fields": {
        "url": "http://nedroid.com/2005/09/2210-whee/", 
        "name": "Nedroid"
    }
},
{
    "pk": 61, 
    "model": "reviews.comic", 
    "fields": {
        "url": "http://www.smbc-comics.com/?id=1", 
        "name": "Saturday Morning Breakfast Cereal"
    }
},
{
    "pk": 62, 
    "model": "reviews.comic", 
    "fields": {
        "url": "http://www.redmeat.com/redmeat/1996-06-10/index.html", 
        "name": "Red Meat"
    }
},
{
    "pk": 63, 
    "model": "reviews.comic", 
    "fields": {
        "url": "http://oglaf.com/cumsprite/", 
        "name": "Oglaf"
    }
},
{
    "pk": 64, 
    "model": "reviews.comic", 
    "fields": {
        "url": "http://www.qwantz.com/index.php?comic=1", 
        "name": "Dinosaur Comics"
    }
},
{
    "pk": 1, 
    "model": "reviews.reviewer", 
    "fields": {
        "admin": true, 
        "user": 1, 
        "name": "Jeremy"
    }
},
{
    "pk": 2, 
    "model": "reviews.reviewer", 
    "fields": {
        "admin": false, 
        "user": 2, 
        "name": "Dean"
    }
},
{
    "pk": 3, 
    "model": "reviews.reviewer", 
    "fields": {
        "admin": false, 
        "user": 3, 
        "name": "Nathan"
    }
},
{
    "pk": 4, 
    "model": "reviews.reviewer", 
    "fields": {
        "admin": false, 
        "user": 4, 
        "name": "Seth"
    }
},
{
    "pk": 5, 
    "model": "reviews.reviewer", 
    "fields": {
        "admin": false, 
        "user": 5, 
        "name": "Faith"
    }
},
{
    "pk": 6, 
    "model": "reviews.reviewer", 
    "fields": {
        "admin": false, 
        "user": 6, 
        "name": "Chris"
    }
},
{
    "pk": 7, 
    "model": "reviews.reviewer", 
    "fields": {
        "admin": false, 
        "user": 7, 
        "name": "Mike"
    }
},
{
    "pk": 1, 
    "model": "reviews.review", 
    "fields": {
        "reviewer": 1, 
        "comic": 19, 
        "pub_date": "2013-08-25T06:53:29Z", 
        "review_text": "A short-run comic, good character exploration and fun world.  The author has done a couple other comics, too.", 
        "stars": 5
    }
},
{
    "pk": 2, 
    "model": "reviews.review", 
    "fields": {
        "reviewer": 1, 
        "comic": 10, 
        "pub_date": "2013-08-28T05:59:47.027Z", 
        "review_text": "I'll write a full review later.", 
        "stars": 4
    }
},
{
    "pk": 3, 
    "model": "reviews.review", 
    "fields": {
        "reviewer": 1, 
        "comic": 12, 
        "pub_date": "2013-08-28T05:59:55.105Z", 
        "review_text": "I'll write a full review later.", 
        "stars": 3
    }
},
{
    "pk": 4, 
    "model": "reviews.review", 
    "fields": {
        "reviewer": 1, 
        "comic": 49, 
        "pub_date": "2013-08-28T06:00:06.144Z", 
        "review_text": "I'll write a full review later.", 
        "stars": 5
    }
},
{
    "pk": 5, 
    "model": "reviews.review", 
    "fields": {
        "reviewer": 1, 
        "comic": 13, 
        "pub_date": "2013-08-28T06:00:16.815Z", 
        "review_text": "I'll write a full review later.", 
        "stars": 3
    }
},
{
    "pk": 6, 
    "model": "reviews.review", 
    "fields": {
        "reviewer": 1, 
        "comic": 14, 
        "pub_date": "2013-08-28T06:00:24.750Z", 
        "review_text": "I'll write a full review later.", 
        "stars": 3
    }
},
{
    "pk": 7, 
    "model": "reviews.review", 
    "fields": {
        "reviewer": 1, 
        "comic": 15, 
        "pub_date": "2013-08-28T06:06:39.846Z", 
        "review_text": "I'll write a full review later.", 
        "stars": 2
    }
},
{
    "pk": 8, 
    "model": "reviews.review", 
    "fields": {
        "reviewer": 1, 
        "comic": 16, 
        "pub_date": "2013-08-28T06:06:49.664Z", 
        "review_text": "I'll write a full review later.", 
        "stars": 4
    }
},
{
    "pk": 9, 
    "model": "reviews.review", 
    "fields": {
        "reviewer": 1, 
        "comic": 17, 
        "pub_date": "2013-08-28T06:06:57.975Z", 
        "review_text": "I'll write a full review later.", 
        "stars": 4
    }
},
{
    "pk": 10, 
    "model": "reviews.review", 
    "fields": {
        "reviewer": 1, 
        "comic": 18, 
        "pub_date": "2013-08-28T06:07:06.283Z", 
        "review_text": "I'll write a full review later.", 
        "stars": 5
    }
},
{
    "pk": 11, 
    "model": "reviews.review", 
    "fields": {
        "reviewer": 1, 
        "comic": 5, 
        "pub_date": "2013-08-28T06:12:11.156Z", 
        "review_text": "I'll write a full review later.", 
        "stars": 4
    }
},
{
    "pk": 12, 
    "model": "reviews.review", 
    "fields": {
        "reviewer": 1, 
        "comic": 32, 
        "pub_date": "2013-08-28T06:12:15.878Z", 
        "review_text": "I'll write a full review later.", 
        "stars": 5
    }
},
{
    "pk": 13, 
    "model": "reviews.review", 
    "fields": {
        "reviewer": 1, 
        "comic": 22, 
        "pub_date": "2013-08-28T06:12:21.572Z", 
        "review_text": "I'll write a full review later.", 
        "stars": 4
    }
},
{
    "pk": 14, 
    "model": "reviews.review", 
    "fields": {
        "reviewer": 1, 
        "comic": 6, 
        "pub_date": "2013-08-28T06:12:25.589Z", 
        "review_text": "I'll write a full review later.", 
        "stars": 4
    }
},
{
    "pk": 15, 
    "model": "reviews.review", 
    "fields": {
        "reviewer": 1, 
        "comic": 23, 
        "pub_date": "2013-08-28T06:12:29.609Z", 
        "review_text": "I'll write a full review later.", 
        "stars": 4
    }
},
{
    "pk": 16, 
    "model": "reviews.review", 
    "fields": {
        "reviewer": 1, 
        "comic": 4, 
        "pub_date": "2013-08-28T06:12:33.579Z", 
        "review_text": "I'll write a full review later.", 
        "stars": 5
    }
},
{
    "pk": 17, 
    "model": "reviews.review", 
    "fields": {
        "reviewer": 1, 
        "comic": 48, 
        "pub_date": "2013-08-28T06:19:23.177Z", 
        "review_text": "I'll write a full review later.", 
        "stars": 5
    }
},
{
    "pk": 18, 
    "model": "reviews.review", 
    "fields": {
        "reviewer": 1, 
        "comic": 29, 
        "pub_date": "2013-08-28T06:19:33.083Z", 
        "review_text": "I'll write a full review later.", 
        "stars": 3
    }
},
{
    "pk": 19, 
    "model": "reviews.review", 
    "fields": {
        "reviewer": 1, 
        "comic": 8, 
        "pub_date": "2013-08-28T06:19:38.707Z", 
        "review_text": "I'll write a full review later.", 
        "stars": 4
    }
},
{
    "pk": 20, 
    "model": "reviews.review", 
    "fields": {
        "reviewer": 1, 
        "comic": 28, 
        "pub_date": "2013-08-28T06:19:43.883Z", 
        "review_text": "I'll write a full review later.", 
        "stars": 3
    }
},
{
    "pk": 21, 
    "model": "reviews.review", 
    "fields": {
        "reviewer": 1, 
        "comic": 27, 
        "pub_date": "2013-08-28T06:19:47.670Z", 
        "review_text": "I'll write a full review later.", 
        "stars": 4
    }
},
{
    "pk": 22, 
    "model": "reviews.review", 
    "fields": {
        "reviewer": 1, 
        "comic": 26, 
        "pub_date": "2013-08-28T06:19:51.254Z", 
        "review_text": "I'll write a full review later.", 
        "stars": 5
    }
},
{
    "pk": 23, 
    "model": "reviews.review", 
    "fields": {
        "reviewer": 1, 
        "comic": 24, 
        "pub_date": "2013-08-28T06:19:54.511Z", 
        "review_text": "I'll write a full review later.", 
        "stars": 5
    }
},
{
    "pk": 24, 
    "model": "reviews.review", 
    "fields": {
        "reviewer": 1, 
        "comic": 36, 
        "pub_date": "2013-08-28T06:24:17.445Z", 
        "review_text": "I'll write a full review later.", 
        "stars": 3
    }
},
{
    "pk": 25, 
    "model": "reviews.review", 
    "fields": {
        "reviewer": 1, 
        "comic": 1, 
        "pub_date": "2013-08-28T06:24:22.763Z", 
        "review_text": "I'll write a full review later.", 
        "stars": 5
    }
},
{
    "pk": 26, 
    "model": "reviews.review", 
    "fields": {
        "reviewer": 1, 
        "comic": 2, 
        "pub_date": "2013-08-28T06:24:26.347Z", 
        "review_text": "I'll write a full review later.", 
        "stars": 5
    }
},
{
    "pk": 27, 
    "model": "reviews.review", 
    "fields": {
        "reviewer": 1, 
        "comic": 35, 
        "pub_date": "2013-08-28T06:24:31.786Z", 
        "review_text": "I'll write a full review later.", 
        "stars": 4
    }
},
{
    "pk": 28, 
    "model": "reviews.review", 
    "fields": {
        "reviewer": 1, 
        "comic": 47, 
        "pub_date": "2013-08-28T06:24:35.264Z", 
        "review_text": "I'll write a full review later.", 
        "stars": 4
    }
},
{
    "pk": 29, 
    "model": "reviews.review", 
    "fields": {
        "reviewer": 1, 
        "comic": 34, 
        "pub_date": "2013-08-28T06:24:38.981Z", 
        "review_text": "I'll write a full review later.", 
        "stars": 5
    }
},
{
    "pk": 30, 
    "model": "reviews.review", 
    "fields": {
        "reviewer": 1, 
        "comic": 9, 
        "pub_date": "2013-08-28T06:24:43.666Z", 
        "review_text": "I'll write a full review later.", 
        "stars": 5
    }
},
{
    "pk": 31, 
    "model": "reviews.review", 
    "fields": {
        "reviewer": 1, 
        "comic": 37, 
        "pub_date": "2013-08-28T06:24:48.051Z", 
        "review_text": "I'll write a full review later.", 
        "stars": 4
    }
},
{
    "pk": 32, 
    "model": "reviews.review", 
    "fields": {
        "reviewer": 1, 
        "comic": 11, 
        "pub_date": "2013-08-28T06:29:16.187Z", 
        "review_text": "I'll write a full review later.", 
        "stars": 5
    }
},
{
    "pk": 33, 
    "model": "reviews.review", 
    "fields": {
        "reviewer": 1, 
        "comic": 33, 
        "pub_date": "2013-08-28T06:29:20.336Z", 
        "review_text": "I'll write a full review later.", 
        "stars": 3
    }
},
{
    "pk": 34, 
    "model": "reviews.review", 
    "fields": {
        "reviewer": 1, 
        "comic": 39, 
        "pub_date": "2013-08-28T06:29:26.023Z", 
        "review_text": "I'll write a full review later.", 
        "stars": 4
    }
},
{
    "pk": 35, 
    "model": "reviews.review", 
    "fields": {
        "reviewer": 1, 
        "comic": 40, 
        "pub_date": "2013-08-28T06:29:30.074Z", 
        "review_text": "I'll write a full review later.", 
        "stars": 4
    }
},
{
    "pk": 36, 
    "model": "reviews.review", 
    "fields": {
        "reviewer": 1, 
        "comic": 41, 
        "pub_date": "2013-08-28T06:29:36.464Z", 
        "review_text": "I'll write a full review later.", 
        "stars": 4
    }
},
{
    "pk": 37, 
    "model": "reviews.review", 
    "fields": {
        "reviewer": 1, 
        "comic": 25, 
        "pub_date": "2013-08-28T06:29:40.015Z", 
        "review_text": "I'll write a full review later.", 
        "stars": 5
    }
},
{
    "pk": 38, 
    "model": "reviews.review", 
    "fields": {
        "reviewer": 1, 
        "comic": 43, 
        "pub_date": "2013-08-28T06:33:59.293Z", 
        "review_text": "I'll write a full review later.", 
        "stars": 4
    }
},
{
    "pk": 39, 
    "model": "reviews.review", 
    "fields": {
        "reviewer": 1, 
        "comic": 46, 
        "pub_date": "2013-08-28T06:34:12.190Z", 
        "review_text": "I'll write a full review later.", 
        "stars": 4
    }
},
{
    "pk": 40, 
    "model": "reviews.review", 
    "fields": {
        "reviewer": 1, 
        "comic": 21, 
        "pub_date": "2013-08-28T06:34:17.802Z", 
        "review_text": "I'll write a full review later.", 
        "stars": 3
    }
},
{
    "pk": 41, 
    "model": "reviews.review", 
    "fields": {
        "reviewer": 1, 
        "comic": 45, 
        "pub_date": "2013-08-28T06:34:22.528Z", 
        "review_text": "I'll write a full review later.", 
        "stars": 5
    }
},
{
    "pk": 42, 
    "model": "reviews.review", 
    "fields": {
        "reviewer": 6, 
        "comic": 13, 
        "pub_date": "2013-08-28T22:26:39.755Z", 
        "review_text": "On my RSS feed.  Mostly short but sweet, and not always funny.  Although.. you might get a guffaw by scrolling down past the comment to the editor's little plain-text remark.", 
        "stars": 4
    }
},
{
    "pk": 43, 
    "model": "reviews.review", 
    "fields": {
        "reviewer": 6, 
        "comic": 51, 
        "pub_date": "2013-08-28T22:34:13.968Z", 
        "review_text": "Weird, uncomfortable, funny.  Rated [R].", 
        "stars": 5
    }
},
{
    "pk": 44, 
    "model": "reviews.review", 
    "fields": {
        "reviewer": 6, 
        "comic": 52, 
        "pub_date": "2013-08-28T22:38:43.901Z", 
        "review_text": "Not daily, sometimes long, always funny.  Very popular.", 
        "stars": 5
    }
},
{
    "pk": 45, 
    "model": "reviews.review", 
    "fields": {
        "reviewer": 1, 
        "comic": 52, 
        "pub_date": "2013-08-29T07:06:49.079Z", 
        "review_text": "I'll fill this in later", 
        "stars": 4
    }
}
]
